date,open,high,low,close,volume,vwap
2018-10-11,24.74,26.200001,24.549999,25.299999,147013800.0,25.35
2018-10-12,26.77,26.969999,25.67,26.34,111059400.0,26.32667
2018-10-15,26.379999,26.77,25.75,26.26,70523500.0,26.26
2018-10-16,26.629999,28.23,26.17,28.18,92529000.0,27.52667
2018-10-17,28.41,28.530001,26.92,27.299999,89466900.0,27.58333
2018-10-18,27.08,27.75,26.4,26.620001,79623700.0,26.92333
2018-10-19,27.030001,27.1,23.6,23.66,130799900.0,24.78667
2018-10-22,24.459999,25.639999,24.09,25.030001,114158900.0,24.92
2018-10-23,24.18,25.26,23.85,25.09,101763000.0,24.73333
2018-10-24,25.040001,25.1,22.75,22.790001,134489100.0,23.54667
2018-10-25,17.92,20.15,17.719999,19.27,189173700.0,19.04667
2018-10-26,18.49,18.780001,17.049999,17.629999,119689000.0,17.82
2018-10-29,18.209999,18.23,16.27,16.85,94479600.0,17.11667
2018-10-30,16.379999,17.24,16.17,17.200001,99049400.0,16.87
2018-10-31,17.870001,18.34,17.120001,18.209999,110463700.0,17.89
2018-11-01,18.41,20.33,18.08,20.219999,136896500.0,19.54333
2018-11-02,20.59,21.059999,19.469999,20.23,123788000.0,20.25333
2018-11-05,20.120001,20.18,18.879999,19.9,108016700.0,19.65333
2018-11-06,19.5,21.65,19.48,20.68,144995700.0,20.60333
2018-11-07,21.42,22.219999,21.07,21.84,121115800.0,21.71
2018-11-08,21.77,22.08,20.969999,21.200001,92387600.0,21.41667
2018-11-09,20.77,21.190001,20.110001,21.030001,85900700.0,20.77667
2018-11-12,20.68,20.85,18.799999,19.030001,95948200.0,19.56
2018-11-13,19.280001,20.02,18.969999,19.610001,76126000.0,19.53333
2018-11-14,20.18,21.110001,19.76,20.809999,106344300.0,20.56
2018-11-15,20.719999,21.77,20.42,21.49,97715500.0,21.22667
2018-11-16,19.870001,20.969999,19.719999,20.66,112376600.0,20.45
2018-11-19,20.4,20.59,19.09,19.110001,93578200.0,19.59667
2018-11-20,17.4,19.58,17.18,19.209999,109869400.0,18.65667
2018-11-21,20.049999,20.309999,18.5,18.73,81585600.0,19.18
2018-11-23,18.610001,19.83,18.559999,19.379999,54611300.0,19.25667
2018-11-26,19.959999,20.190001,19.110001,20.08,83211000.0,19.79333
2018-11-27,19.77,21.450001,19.73,21.049999,119230100.0,20.74333
2018-11-28,21.82,21.879999,20.18,21.34,134425300.0,21.13333
2018-11-29,21.190001,21.610001,20.73,21.43,79853700.0,21.25667
2018-11-30,21.299999,21.360001,20.52,21.299999,82370700.0,21.06
2018-12-03,22.48,23.75,22.370001,23.709999,139607400.0,23.27667
2018-12-04,23.35,23.42,21.07,21.120001,127392900.0,21.87
2018-12-06,20.219999,21.41,20.059999,21.299999,103434700.0,20.92333
2018-12-07,21.299999,21.379999,19.17,19.459999,105764500.0,20.00333
2018-12-10,19.35,20.129999,19.27,19.99,77984500.0,19.79667
2018-12-11,20.709999,21.139999,19.690001,19.98,88027400.0,20.27
2018-12-12,20.32,21.02,19.709999,20.48,100340700.0,20.40333
2018-12-13,20.629999,20.870001,19.76,19.860001,88108300.0,20.16333
2018-12-14,19.58,20.700001,19.52,19.9,84713600.0,20.04
2018-12-17,20.01,20.02,18.639999,18.83,115437900.0,19.16333
2018-12-18,19.15,19.84,18.879999,19.5,101512900.0,19.40667
2018-12-19,19.440001,19.719999,18.0,18.16,120644500.0,18.62667
2018-12-20,18.110001,18.860001,17.34,17.940001,119394500.0,18.04667
2018-12-21,18.120001,18.34,16.76,16.93,132246000.0,17.34333
2018-12-24,16.52,17.219999,16.370001,16.65,62933100.0,16.74667
2018-12-26,16.879999,17.91,16.030001,17.9,108811800.0,17.28
2018-12-27,17.43,17.74,16.440001,17.49,111373000.0,17.22333
2018-12-28,17.530001,18.309999,17.139999,17.82,109214400.0,17.75667
2018-12-31,18.15,18.51,17.85,18.459999,84732200.0,18.27333
2019-01-02,18.01,19.0,17.98,18.83,87148700.0,18.60333
2019-01-03,18.42,18.68,16.940001,17.049999,117277600.0,17.55667
2019-01-04,17.549999,19.07,17.43,19.0,111878600.0,18.5
2019-01-07,19.440001,20.68,19.0,20.57,107157000.0,20.08333
2019-01-08,21.190001,21.200001,19.68,20.75,121271000.0,20.54333
2019-01-09,20.889999,21.440001,20.07,20.190001,163944100.0,20.56667
2019-01-10,19.76,19.83,18.9,19.74,115629400.0,19.49
2019-01-11,19.469999,20.35,19.190001,20.27,85110800.0,19.93667
2019-01-14,19.959999,20.620001,19.75,20.23,71350200.0,20.2
2019-01-15,20.440001,20.68,20.26,20.379999,62785800.0,20.44
2019-01-16,20.4,20.540001,19.709999,19.73,70849300.0,19.99333
2019-01-17,19.49,20.51,19.02,20.25,85018400.0,19.92667
2019-01-18,20.370001,21.049999,20.02,20.77,88131000.0,20.61333
2019-01-22,20.48,20.92,19.700001,19.76,78513700.0,20.12667
2019-01-23,20.030001,20.48,19.549999,19.799999,77811300.0,19.94333
2019-01-24,20.059999,21.01,20.040001,20.85,97433400.0,20.63333
2019-01-25,20.99,22.030001,20.790001,21.93,110239500.0,21.58333
2019-01-28,20.32,21.01,20.02,20.18,135164100.0,20.40333
2019-01-29,20.26,20.389999,19.049999,19.25,131202500.0,19.56333
2019-01-30,21.49,23.129999,21.370001,23.09,211421200.0,22.53
2019-01-31,23.02,25.139999,22.83,24.41,182575600.0,24.12667
2019-02-01,24.610001,24.84,24.07,24.51,105356200.0,24.47333
2019-02-04,24.43,24.66,24.07,24.129999,70843800.0,24.28667
2019-02-05,23.42,23.860001,22.98,23.309999,122226000.0,23.38333
2019-02-06,23.629999,24.139999,23.219999,23.26,78684300.0,23.54
2019-02-07,22.99,23.219999,22.32,22.67,86723900.0,22.73667
2019-02-08,22.33,23.280001,22.27,23.049999,78129300.0,22.86667
2019-02-11,23.049999,23.280001,22.66,22.959999,60578700.0,22.96667
2019-02-12,23.43,23.559999,22.75,22.82,67595400.0,23.04333
2019-02-13,22.98,23.24,22.709999,22.85,57544200.0,22.93333
2019-02-14,22.74,23.370001,22.59,23.129999,64441200.0,23.03
2019-02-15,23.58,24.049999,23.200001,23.68,78644100.0,23.64333
2019-02-19,23.629999,24.41,23.610001,23.950001,57517900.0,23.99
2019-02-20,24.139999,24.370001,23.9,23.950001,57091600.0,24.07333
2019-02-21,24.040001,24.33,23.85,23.92,49608200.0,24.03333
2019-02-22,24.049999,24.360001,23.879999,24.360001,52650700.0,24.2
2019-02-25,25.01,25.52,24.68,24.709999,63221000.0,24.97
2019-02-26,24.65,24.719999,24.15,24.209999,48470100.0,24.36
2019-02-27,24.110001,24.23,23.209999,23.48,62649300.0,23.64
2019-02-28,23.209999,23.67,23.110001,23.530001,39384900.0,23.43667
2019-03-01,23.969999,24.190001,23.450001,23.68,48084000.0,23.77333
2019-03-04,23.889999,24.129999,23.01,23.370001,48147700.0,23.50333
2019-03-05,23.34,23.68,23.01,23.5,35462600.0,23.39667
2019-03-06,23.469999,23.530001,22.4,22.41,60479400.0,22.78
2019-03-07,22.33,22.41,21.73,22.08,52186300.0,22.07333
2019-03-08,21.35,22.09,21.040001,22.01,49967700.0,21.71333
2019-03-11,22.15,23.08,21.98,22.959999,54420200.0,22.67333
2019-03-12,23.1,23.799999,22.780001,23.49,56410600.0,23.35667
2019-03-13,23.66,24.15,23.35,23.379999,56705800.0,23.62667
2019-03-14,23.370001,23.49,22.799999,22.82,42818600.0,23.03667
2019-03-15,23.1,23.65,23.01,23.290001,46519900.0,23.31667
2019-03-18,23.299999,23.620001,23.040001,23.25,34731800.0,23.30333
2019-03-19,23.6,26.08,23.59,26.0,156052200.0,25.22333
2019-03-20,26.49,26.879999,25.309999,25.700001,151292100.0,25.96333
2019-03-21,25.780001,28.110001,25.709999,27.889999,129610300.0,27.23667
2019-03-22,27.540001,27.75,26.33,26.370001,115323300.0,26.81667
2019-03-25,26.290001,26.99,25.540001,25.969999,78438200.0,26.16667
2019-03-26,26.690001,26.98,25.459999,25.690001,75754100.0,26.04333
2019-03-27,25.700001,25.879999,24.549999,24.889999,88585300.0,25.10667
2019-03-28,25.1,25.559999,24.65,25.059999,64667500.0,25.09
2019-03-29,25.58,25.73,25.25,25.52,53502800.0,25.5
2019-04-01,26.42,26.559999,25.83,26.360001,63000300.0,26.25
2019-04-02,26.51,26.799999,26.09,26.75,53358800.0,26.54667
2019-04-03,28.02,29.950001,27.879999,29.02,197650500.0,28.95
2019-04-04,28.879999,29.389999,28.610001,29.09,82191100.0,29.03
2019-04-05,29.639999,29.690001,28.799999,28.98,65662700.0,29.15667
2019-04-08,28.690001,28.950001,28.18,28.530001,58002500.0,28.55333
2019-04-09,28.24,28.379999,27.190001,27.24,75539800.0,27.60333
2019-04-10,27.459999,28.120001,27.32,27.83,64368100.0,27.75667
2019-04-11,27.809999,28.049999,27.459999,27.790001,44801200.0,27.76667
2019-04-12,28.209999,28.379999,27.66,27.85,41048800.0,27.96333
2019-04-15,27.799999,27.84,26.959999,27.33,40812500.0,27.37667
2019-04-16,27.719999,28.18,27.49,27.93,47340100.0,27.86667
2019-04-17,28.209999,28.27,27.219999,27.49,48240800.0,27.66
2019-04-18,27.6,27.879999,27.34,27.68,39880900.0,27.63333
2019-04-22,27.620001,28.23,27.389999,28.18,36477300.0,27.93333
2019-04-23,28.18,28.49,27.790001,27.969999,41777500.0,28.08333
2019-04-24,28.1,28.85,27.93,28.459999,51784700.0,28.41333
2019-04-25,28.67,28.860001,27.360001,27.66,57329700.0,27.96
2019-04-26,27.66,27.9,27.049999,27.879999,48827900.0,27.61
2019-04-29,27.9,28.139999,27.5,27.690001,44532700.0,27.77667
2019-04-30,27.59,27.799999,26.940001,27.629999,73165900.0,27.45667
2019-05-01,28.950001,29.15,26.780001,26.809999,136066900.0,27.58
2019-05-02,26.940001,28.639999,26.610001,28.290001,100514800.0,27.84667
2019-05-03,28.299999,28.42,27.66,28.219999,55503100.0,28.1
2019-05-06,26.719999,27.5,26.450001,27.42,70344100.0,27.12333
2019-05-07,27.200001,27.35,26.209999,26.66,75868800.0,26.74
2019-05-08,26.41,27.709999,26.27,27.09,65967500.0,27.02333
2019-05-09,26.700001,27.379999,26.030001,27.209999,73150900.0,26.87333
2019-05-10,27.030001,28.1,26.93,27.959999,82930100.0,27.66333
2019-05-13,26.98,27.23,26.1,26.24,99017900.0,26.52333
2019-05-14,26.530001,27.48,26.15,27.32,82980400.0,26.98333
2019-05-15,26.870001,27.790001,26.73,27.58,55689900.0,27.36667
2019-05-16,27.370001,28.370001,27.27,28.01,67330100.0,27.88333
2019-05-17,27.690001,28.459999,27.4,27.5,65385400.0,27.78667
2019-05-20,26.98,27.24,26.49,26.68,69757400.0,26.80333
2019-05-21,27.18,27.370001,26.93,27.35,46079200.0,27.21667
2019-05-22,27.120001,27.59,27.07,27.41,40035300.0,27.35667
2019-05-23,26.99,27.1,26.030001,26.360001,67809200.0,26.49667
2019-05-24,26.610001,26.93,26.4,26.440001,39835800.0,26.59
2019-05-28,27.27,29.67,27.059999,29.049999,146949600.0,28.59333
2019-05-29,29.0,29.32,27.73,28.09,99969600.0,28.38
2019-05-30,28.4,28.559999,27.6,28.030001,65289100.0,28.06333
2019-05-31,27.57,28.360001,27.4,27.41,68667800.0,27.72333
2019-06-03,28.75,29.620001,27.290001,27.58,147532200.0,28.16333
2019-06-04,28.389999,29.59,27.91,29.57,107549500.0,29.02333
2019-06-05,29.93,29.99,29.030001,29.5,79481500.0,29.50667
2019-06-06,29.870001,31.98,29.84,31.82,131267800.0,31.21333
2019-06-07,31.940001,32.599998,31.57,32.41,86841100.0,32.19333
2019-06-10,33.529999,34.299999,33.080002,33.23,97668800.0,33.53667
2019-06-11,33.43,33.490002,31.82,32.41,82834900.0,32.57333
2019-06-12,32.0,32.57,31.92,32.18,56194100.0,32.22333
2019-06-13,32.389999,32.5,31.059999,31.389999,63556000.0,31.65
2019-06-14,30.700001,30.959999,30.02,30.360001,70373000.0,30.44667
2019-06-17,30.25,30.450001,29.18,29.200001,70865700.0,29.61
2019-06-18,29.76,30.969999,29.58,30.450001,86444500.0,30.33333
2019-06-19,30.67,30.790001,30.059999,30.5,63233900.0,30.45
2019-06-20,31.24,31.360001,29.84,30.01,72418200.0,30.40333
2019-06-21,29.65,30.35,28.969999,29.1,81861300.0,29.47333
2019-06-24,29.32,29.4,28.67,29.26,55724800.0,29.11
2019-06-25,29.26,29.719999,28.799999,28.860001,53680900.0,29.12667
2019-06-26,29.98,30.48,29.780001,29.92,65064200.0,30.06
2019-06-27,30.41,30.959999,30.209999,30.74,55623300.0,30.63667
2019-06-28,31.08,31.110001,30.33,30.370001,50090900.0,30.60333
2019-07-01,31.790001,32.040001,30.870001,31.200001,60525500.0,31.37
2019-07-02,30.959999,31.26,30.73,31.24,37721700.0,31.07667
2019-07-03,31.129999,31.33,30.74,31.190001,23462000.0,31.08667
2019-07-05,30.879999,31.559999,30.75,31.5,34011900.0,31.27
2019-07-08,31.799999,32.150002,31.26,32.040001,49689400.0,31.81667
2019-07-09,31.76,33.18,30.1,33.150002,61419800.0,32.14333
2019-07-10,33.560001,34.029999,33.360001,33.790001,60388400.0,33.72667
2019-07-11,33.91,34.0,32.759998,33.060001,63081800.0,33.27333
2019-07-12,32.759998,33.389999,32.59,33.209999,51509700.0,33.06333
2019-07-15,33.34,34.549999,33.27,34.389999,65565200.0,34.07
2019-07-16,34.299999,34.860001,33.799999,33.849998,66912700.0,34.17
2019-07-17,34.009998,34.299999,33.490002,33.599998,42557900.0,33.79667
2019-07-18,33.029999,33.459999,32.419998,33.0,58610900.0,32.96
2019-07-19,33.080002,33.349998,32.450001,32.509998,44617700.0,32.77
2019-07-22,32.799999,33.310001,32.740002,32.849998,37777300.0,32.96667
2019-07-23,33.169998,33.5,32.93,33.490002,38532500.0,33.30667
2019-07-24,33.639999,34.360001,33.450001,34.110001,41952300.0,33.97333
2019-07-25,34.049999,34.25,33.619999,33.669998,36705600.0,33.84667
2019-07-26,34.23,34.77,33.869999,34.02,43502800.0,34.22
2019-07-29,34.139999,34.18,32.98,33.48,45922000.0,33.54667
2019-07-30,33.209999,33.939999,32.939999,33.869999,72198900.0,33.58333
2019-07-31,32.080002,32.299999,30.299999,30.450001,119190000.0,31.01667
2019-08-01,30.5,31.48,29.1,29.860001,80878900.0,30.14667
2019-08-02,29.48,29.73,28.940001,29.440001,60410900.0,29.37
2019-08-05,28.26,28.49,27.65,27.99,74333200.0,28.04333
2019-08-06,28.860001,29.049999,28.200001,28.860001,60578400.0,28.70333
2019-08-07,28.469999,29.280001,28.370001,29.190001,58577500.0,28.94667
2019-08-08,31.530001,34.27,31.48,33.919998,167278800.0,33.22333
2019-08-09,33.450001,35.549999,33.080002,34.189999,132483900.0,34.27333
2019-08-12,34.16,34.650002,32.080002,32.43,106737000.0,33.05333
2019-08-13,32.360001,33.139999,31.719999,32.110001,102009700.0,32.32333
2019-08-14,31.0,31.049999,29.51,30.24,127521500.0,30.26667
2019-08-15,30.629999,30.73,29.209999,29.67,71674400.0,29.87
2019-08-16,30.309999,31.48,30.209999,31.18,70469800.0,30.95667
2019-08-19,32.0,32.189999,31.42,31.48,67596900.0,31.69667
2019-08-20,30.940001,31.309999,30.450001,30.719999,47924000.0,30.82667
2019-08-21,31.049999,31.74,30.84,31.700001,41441500.0,31.42667
2019-08-22,31.76,31.92,30.98,31.9,47667900.0,31.6
2019-08-23,31.299999,31.83,29.4,29.540001,83681100.0,30.25667
2019-08-26,30.34,30.719999,29.940001,30.280001,50612500.0,30.31333
2019-08-27,30.6,30.889999,29.6,30.200001,53229200.0,30.23
2019-08-28,29.92,31.18,29.700001,30.780001,55835900.0,30.55333
2019-08-29,31.469999,31.83,31.33,31.450001,44422800.0,31.53667
2019-08-30,31.6,31.870001,31.129999,31.450001,40307000.0,31.48333
2019-09-03,30.83,31.139999,30.68,30.9,38029300.0,30.90667
2019-09-04,31.32,31.83,30.85,30.950001,46614600.0,31.21
2019-09-05,31.790001,32.049999,31.120001,31.5,57861200.0,31.55667
2019-09-06,31.5,31.51,30.48,30.559999,51673000.0,30.85
2019-09-09,30.93,31.18,30.24,30.5,54413200.0,30.64
2019-09-10,30.219999,30.379999,29.77,30.23,48604800.0,30.12667
2019-09-11,30.379999,30.43,29.51,29.76,50631700.0,29.9
2019-09-12,30.08,30.84,29.950001,30.209999,53618300.0,30.33333
2019-09-13,30.27,30.85,29.950001,30.690001,47758800.0,30.49667
2019-09-16,30.370001,31.15,30.26,30.83,52248500.0,30.74667
2019-09-17,31.07,31.32,30.74,30.99,35011700.0,31.01667
2019-09-18,30.75,30.889999,29.879999,30.42,47027500.0,30.39667
2019-09-19,30.57,30.959999,30.139999,30.290001,41603000.0,30.46333
2019-09-20,30.360001,30.469999,29.65,30.049999,79957400.0,30.05667
2019-09-23,30.120001,30.799999,30.07,30.639999,44366800.0,30.50333
2019-09-24,30.540001,30.75,29.290001,29.52,72963000.0,29.85333
2019-09-25,29.48,29.65,28.549999,29.540001,58234800.0,29.24667
2019-09-26,29.67,29.77,29.0,29.469999,40745400.0,29.41333
2019-09-27,29.17,29.77,28.35,28.719999,54091100.0,28.94667
2019-09-30,28.889999,29.049999,28.360001,28.99,37295600.0,28.8
2019-10-01,29.049999,29.540001,28.639999,28.76,37081800.0,28.98
2019-10-02,28.5,28.85,28.030001,28.309999,43640700.0,28.39667
2019-10-03,28.280001,28.780001,27.43,28.68,56325200.0,28.29667
2019-10-04,28.83,29.059999,28.280001,29.01,34446700.0,28.78333
2019-10-07,28.9,29.629999,28.84,28.93,39337200.0,29.13333
2019-10-08,28.549999,28.639999,27.92,28.23,44265700.0,28.26333
2019-10-09,28.799999,28.950001,28.35,28.459999,35661500.0,28.58667
2019-10-10,28.52,28.889999,28.0,28.379999,40660100.0,28.42333
2019-10-11,28.83,30.200001,28.809999,29.75,66256900.0,29.58667
2019-10-14,29.709999,30.610001,29.379999,30.530001,44473700.0,30.17333
2019-10-15,30.700001,30.92,30.17,30.719999,41600700.0,30.60333
2019-10-16,30.6,31.41,30.530001,30.809999,42804400.0,30.91667
2019-10-17,31.299999,31.4,30.860001,31.139999,36884400.0,31.13333
2019-10-18,31.059999,31.33,30.290001,30.969999,39681700.0,30.86333
2019-10-21,31.5,32.259998,31.41,32.029999,52182800.0,31.9
2019-10-22,32.060001,32.150002,31.5,31.51,36185200.0,31.72
2019-10-23,31.09,31.65,30.83,31.360001,26582200.0,31.28
2019-10-24,31.58,31.860001,31.34,31.719999,27808000.0,31.64
2019-10-25,31.9,32.860001,31.83,32.709999,45368800.0,32.46667
2019-10-28,33.16,33.91,33.150002,33.689999,51223600.0,33.58333
2019-10-29,33.73,33.900002,32.700001,33.029999,78700100.0,33.21
2019-10-30,32.93,33.34,32.029999,33.130001,78228800.0,32.83333
2019-10-31,32.98,34.34,32.82,33.93,67881600.0,33.69667
2019-11-01,34.369999,35.0,34.099998,34.889999,64238600.0,34.66333
2019-11-04,35.189999,36.450001,34.759998,36.290001,83343800.0,35.83333
2019-11-05,36.560001,37.18,35.98,36.150002,84848600.0,36.43667
2019-11-06,36.060001,36.48,35.52,35.93,51675100.0,35.97667
2019-11-07,36.52,36.990002,36.029999,36.279999,54350200.0,36.43333
2019-11-08,36.060001,36.580002,36.0,36.290001,39353900.0,36.29
2019-11-11,35.959999,36.66,35.580002,36.310001,43511100.0,36.18333
2019-11-12,36.43,37.130001,36.400002,36.709999,58664500.0,36.74667
2019-11-13,36.650002,37.959999,36.580002,37.52,67648300.0,37.35333
2019-11-14,37.509998,38.5,37.360001,38.349998,65829500.0,38.07
2019-11-15,38.939999,39.369999,38.34,38.560001,62958500.0,38.75667
2019-11-18,38.650002,39.990002,38.599998,39.880001,66102800.0,39.49
2019-11-19,40.139999,41.790001,39.689999,41.290001,94373000.0,40.92333
2019-11-20,40.959999,41.75,40.07,40.98,79767900.0,40.93333
2019-11-21,40.419998,40.709999,38.639999,39.52,88069400.0,39.62333
2019-11-22,39.360001,39.889999,38.189999,39.150002,56931900.0,39.07667
2019-11-25,39.5,40.169998,39.490002,39.790001,45769500.0,39.81667
2019-11-26,39.299999,39.48,38.810001,38.990002,43603300.0,39.09333
2019-11-27,39.459999,39.759998,39.07,39.41,33630100.0,39.41333
2019-11-29,39.099998,39.52,39.02,39.150002,17609900.0,39.23
2019-12-02,39.32,39.41,38.439999,38.73,35710200.0,38.86
2019-12-03,37.34,38.93,37.150002,38.900002,51556400.0,38.32667
2019-12-04,39.380001,39.82,39.130001,39.689999,44299400.0,39.54667
2019-12-05,39.950001,40.220001,39.549999,39.619999,35574000.0,39.79667
2019-12-06,40.099998,40.189999,39.560001,39.630001,31101400.0,39.79333
2019-12-09,39.459999,39.84,38.91,38.93,27928100.0,39.22667
2019-12-10,39.200001,39.73,38.82,39.439999,33733600.0,39.33
2019-12-11,39.439999,39.610001,39.040001,39.470001,31698300.0,39.37333
2019-12-12,39.400002,42.619999,39.25,42.59,86878000.0,41.48667
2019-12-13,42.349998,42.950001,41.060001,41.150002,79927800.0,41.72
2019-12-16,41.73,42.98,41.73,42.349998,58824900.0,42.35333
2019-12-17,42.509998,43.110001,42.150002,42.77,44852000.0,42.67667
2019-12-18,42.790001,43.060001,42.240002,42.299999,39083300.0,42.53333
2019-12-19,42.630001,43.34,42.599998,42.830002,45883000.0,42.92333
2019-12-20,43.439999,44.259998,43.259998,44.150002,68104700.0,43.89
2019-12-23,44.580002,45.630001,44.389999,45.459999,55886500.0,45.16
2019-12-24,46.099998,46.610001,45.77,46.540001,44432200.0,46.30667
2019-12-26,46.990002,47.310001,45.66,46.630001,57562800.0,46.53333
2019-12-27,46.849998,46.880001,45.98,46.18,36581300.0,46.34667
2019-12-30,46.139999,46.169998,44.66,45.52,41149700.0,45.45
2019-12-31,45.07,46.09,44.919998,45.860001,31673200.0,45.62333
2020-01-02,46.860001,49.25,46.630001,49.099998,80331100.0,48.32667
2020-01-03,48.029999,49.389999,47.540001,48.599998,73127400.0,48.51
2020-01-06,48.02,48.860001,47.860001,48.389999,47934900.0,48.37
2020-01-07,49.349998,49.389999,48.040001,48.25,58061400.0,48.56
2020-01-08,47.849998,48.299999,47.139999,47.830002,53767000.0,47.75667
2020-01-09,48.939999,49.959999,48.389999,48.970001,76512800.0,49.10667
2020-01-10,49.259998,49.290001,48.0,48.169998,44133700.0,48.48667
2020-01-13,48.66,48.860001,48.240002,48.75,34266800.0,48.61667
2020-01-14,48.639999,49.040001,47.91,48.209999,38563200.0,48.38667
2020-01-15,48.23,49.080002,48.119999,48.549999,40199900.0,48.58333
2020-01-16,49.169998,50.310001,48.990002,49.77,58898900.0,49.69
2020-01-17,50.200001,51.049999,49.900002,50.93,57722500.0,50.62667
2020-01-21,50.959999,51.810001,50.700001,51.049999,49095000.0,51.18667
2020-01-22,51.630001,51.880001,51.200001,51.43,40772200.0,51.50333
2020-01-23,51.34,51.75,50.740002,51.709999,40135400.0,51.4
2020-01-24,52.279999,52.810001,49.470001,50.349998,80004900.0,50.87667
2020-01-27,48.450001,49.790001,47.900002,49.259998,48878600.0,48.98333
2020-01-28,50.029999,50.849998,49.48,50.529999,62343800.0,50.28667
2020-01-29,47.84,48.07,46.099998,47.509998,112349900.0,47.22667
2020-01-30,46.490002,48.810001,46.130001,48.779999,70460200.0,47.90667
2020-01-31,48.400002,48.580002,46.790001,47.0,60322400.0,47.45667
2020-02-03,46.400002,48.099998,46.23,48.02,47077000.0,47.45
2020-02-04,49.209999,49.75,48.610001,49.450001,46302100.0,49.27
2020-02-05,50.290001,50.419998,49.310001,49.84,42737100.0,49.85667
2020-02-06,48.799999,49.389999,47.630001,49.32,48670600.0,48.78
2020-02-07,48.91,50.669998,48.639999,49.73,53107600.0,49.68
2020-02-10,49.470001,52.299999,49.349998,52.259998,60971700.0,51.30333
2020-02-11,53.220001,54.48,52.91,53.799999,74719100.0,53.73
2020-02-12,54.529999,54.849998,53.529999,53.889999,45994900.0,54.09
2020-02-13,53.43,55.029999,53.34,54.529999,51640000.0,54.3
2020-02-14,55.189999,55.400002,54.560001,55.310001,52365400.0,55.09
2020-02-18,54.939999,58.130001,54.84,56.889999,70133200.0,56.62
2020-02-19,57.990002,59.27,57.509998,58.900002,58597300.0,58.56
2020-02-20,58.439999,59.02,56.150002,57.27,74203400.0,57.48
2020-02-21,56.709999,56.799999,52.889999,53.279999,88271100.0,54.32333
2020-02-24,48.18,50.279999,47.490002,49.119999,86624100.0,48.96333
2020-02-25,51.139999,51.240002,47.119999,47.57,88699400.0,48.64333
2020-02-26,47.700001,49.290001,47.07,47.490002,86378400.0,47.95
2020-02-27,45.380001,46.240002,42.209999,44.009998,106416200.0,44.15333
2020-02-28,41.360001,46.150002,41.040001,45.48,100667700.0,44.22333
2020-03-02,47.419998,47.68,44.66,47.459999,102324700.0,46.6
2020-03-03,49.029999,50.200001,45.669998,46.75,141972300.0,47.54
2020-03-04,48.25,50.139999,47.209999,50.110001,93311800.0,49.15333
2020-03-05,48.68,49.720001,47.509998,48.110001,98302700.0,48.44667
2020-03-06,49.439999,49.540001,46.740002,48.59,124590900.0,48.29
2020-03-09,43.029999,46.34,42.509998,43.27,80859800.0,44.04
2020-03-10,45.41,45.439999,43.099998,45.380001,76228200.0,44.64
2020-03-11,44.189999,45.970001,43.799999,45.700001,101601100.0,45.15667
2020-03-12,42.0,42.5,39.0,39.009998,107461500.0,40.17
2020-03-13,42.200001,43.91,39.599998,43.900002,86689700.0,42.47
2020-03-16,39.080002,43.369999,38.509998,38.709999,84545900.0,40.19667
2020-03-17,40.189999,42.880001,38.299999,41.880001,92741900.0,41.02
2020-03-18,39.540001,41.950001,36.75,39.119999,106949300.0,39.27333
2020-03-19,39.560001,41.700001,37.689999,39.82,88939000.0,39.73667
2020-03-20,41.509998,42.48,39.580002,39.610001,106859500.0,40.55667
2020-03-23,40.619999,42.32,38.950001,41.639999,101704700.0,40.97
2020-03-24,44.040001,46.810001,43.990002,46.220001,106794200.0,45.67333
2020-03-25,46.790001,47.880001,44.43,44.630001,93760400.0,45.64667
2020-03-26,45.779999,47.5,45.400002,47.5,73680200.0,46.8
2020-03-27,46.32,47.98,45.900002,46.580002,74599200.0,46.82
2020-03-30,47.240002,48.459999,46.66,47.860001,68486600.0,47.66
2020-03-31,47.93,48.529999,45.16,45.48,83483700.0,46.39
2020-04-01,44.18,46.849998,43.16,43.66,92083100.0,44.55667
2020-04-02,43.400002,45.279999,43.099998,44.490002,79024100.0,44.29
2020-04-03,44.299999,44.84,41.700001,42.59,79335000.0,43.04333
2020-04-06,44.299999,47.580002,44.060001,47.52,82294000.0,46.38667
2020-04-07,48.959999,49.650002,46.68,47.560001,102098700.0,47.96333
2020-04-08,48.07,49.0,47.610001,48.790001,64930800.0,48.46667
2020-04-09,49.650002,50.25,47.720001,48.380001,80357400.0,48.78333
2020-04-13,48.470001,51.07,48.23,50.939999,64290100.0,50.08
2020-04-14,52.240002,55.139999,52.110001,54.93,85306800.0,54.06
2020-04-15,53.73,55.57,53.41,54.990002,83814000.0,54.65667
2020-04-16,55.959999,58.080002,55.630001,56.950001,103106500.0,56.88667
2020-04-17,57.349998,57.759998,55.549999,56.599998,76908800.0,56.63667
2020-04-20,55.98,58.630001,55.849998,56.970001,72367300.0,57.15
2020-04-21,56.900002,57.73,51.41,52.919998,123906400.0,54.02
2020-04-22,54.91,56.150002,54.34,55.919998,63164100.0,55.47
2020-04-23,56.650002,57.290001,55.639999,55.900002,69662700.0,56.27667
2020-04-24,55.099998,56.779999,54.419998,56.18,72854800.0,55.79333
2020-04-27,57.439999,58.0,56.25,56.490002,62568100.0,56.91333
2020-04-28,57.16,57.349998,55.299999,55.509998,80501800.0,56.05333
2020-04-29,54.529999,54.860001,52.740002,53.66,110800900.0,53.75333
2020-04-30,53.43,54.290001,52.029999,52.389999,65543900.0,52.90333
2020-05-01,51.07,51.950001,49.09,49.880001,69562700.0,50.30667
2020-05-04,49.82,52.610001,49.73,52.560001,62590600.0,51.63333
2020-05-05,53.43,53.509998,51.290001,52.189999,56560500.0,52.33
2020-05-06,52.419998,53.310001,51.880001,52.16,48138100.0,52.45
2020-05-07,52.93,52.970001,51.619999,51.950001,48956600.0,52.18
2020-05-08,52.150002,53.27,51.810001,53.189999,40774200.0,52.75667
2020-05-11,52.900002,55.889999,52.75,55.740002,68746400.0,54.79333
2020-05-12,56.209999,56.580002,53.75,53.759998,55631100.0,54.69667
2020-05-13,54.040001,55.220001,51.299999,52.18,76824700.0,52.9
2020-05-14,52.099998,54.540001,51.610001,54.509998,73814000.0,53.55333
2020-05-15,53.32,54.439999,52.860001,54.200001,66950900.0,53.83333
2020-05-18,54.98,55.25,54.240002,54.59,48679100.0,54.69333
2020-05-19,54.389999,56.73,54.360001,55.470001,60388500.0,55.52
2020-05-20,56.549999,56.98,55.630001,56.389999,50888200.0,56.33333
2020-05-21,56.68,56.720001,54.610001,54.650002,48496100.0,55.32667
2020-05-22,54.77,55.369999,53.779999,55.169998,43524100.0,54.77333
2020-05-26,56.009998,56.080002,53.02,53.189999,51618900.0,54.09667
2020-05-27,53.27,53.279999,49.09,52.740002,102414500.0,51.70333
2020-05-28,52.25,53.540001,51.25,51.740002,53670200.0,52.17667
2020-05-29,52.07,53.799999,51.849998,53.799999,64948300.0,53.15
2020-06-01,53.310001,54.110001,52.889999,53.630001,36864400.0,53.54333
2020-06-02,53.450001,53.57,52.009998,53.540001,42855200.0,53.04
2020-06-03,53.599998,53.650002,52.330002,52.73,46765300.0,52.90333
2020-06-04,52.59,53.740002,52.200001,52.630001,44869100.0,52.85667
2020-06-05,52.990002,53.57,52.080002,53.099998,53908300.0,52.91667
2020-06-08,53.299999,53.349998,52.259998,52.970001,39681700.0,52.86
2020-06-09,52.950001,56.459999,52.720001,56.389999,79919100.0,55.19
2020-06-10,57.200001,59.0,57.029999,57.439999,78719400.0,57.82333
2020-06-11,55.939999,56.68,52.799999,52.830002,78715400.0,54.10333
2020-06-12,55.009998,55.599998,52.110001,53.5,71096500.0,53.73667
2020-06-15,52.580002,54.73,52.41,54.68,56740700.0,53.94
2020-06-16,55.720001,56.07,53.59,54.459999,50949700.0,54.70667
2020-06-17,54.790001,55.82,54.299999,54.549999,45008100.0,54.89
2020-06-18,54.619999,55.119999,53.650002,54.040001,40354700.0,54.27
2020-06-19,54.41,55.459999,53.82,54.23,52801500.0,54.50333
2020-06-22,54.669998,55.169998,53.740002,54.759998,44704800.0,54.55667
2020-06-23,55.049999,55.369999,53.869999,53.990002,48089000.0,54.41
2020-06-24,53.939999,54.740002,51.919998,52.389999,53535500.0,53.01667
2020-06-25,52.560001,52.700001,50.540001,51.93,51129600.0,51.72333
2020-06-26,51.849998,51.950001,49.450001,50.099998,65485700.0,50.5
2020-06-29,50.150002,50.279999,48.419998,50.279999,49905800.0,49.66
2020-06-30,51.16,52.77,50.82,52.610001,42275700.0,52.06667
2020-07-01,52.630001,52.869999,51.599998,52.580002,32370900.0,52.35
2020-07-02,53.029999,53.189999,52.049999,52.34,29081400.0,52.52667
2020-07-06,52.900002,53.52,52.330002,53.400002,36769400.0,53.08333
2020-07-07,53.279999,54.169998,52.860001,52.93,32153100.0,53.32
2020-07-08,53.009998,53.470001,52.07,53.43,35608300.0,52.99
2020-07-09,53.52,57.580002,53.310001,57.259998,87216300.0,56.05
2020-07-10,57.540001,58.150002,55.509998,55.880001,59839700.0,56.51333
2020-07-13,56.68,58.349998,53.380001,53.59,57592500.0,55.10667
2020-07-14,53.299999,54.860001,52.259998,54.720001,54890100.0,53.94667
2020-07-15,54.959999,55.369999,53.59,55.34,42360300.0,54.76667
2020-07-16,54.68,55.150002,53.740002,54.919998,36887100.0,54.60333
2020-07-17,55.310001,55.810001,54.68,55.040001,34710400.0,55.17667
2020-07-20,55.23,57.529999,54.830002,57.459999,45034300.0,56.60667
2020-07-21,57.810001,58.5,56.32,57.0,44800700.0,57.27333
2020-07-22,57.07,62.0,56.970001,61.790001,135159400.0,60.25333
2020-07-23,61.630001,62.330002,58.630001,59.57,106829100.0,60.17667
2020-07-24,64.18,69.940002,64.050003,69.400002,205314500.0,67.79667
2020-07-27,69.279999,71.629997,67.790001,68.970001,107918100.0,69.46333
2020-07-28,68.099998,69.800003,67.019997,67.610001,94181400.0,68.14333
2020-07-29,75.5,77.190002,73.900002,76.089996,132969700.0,75.72667
2020-07-30,75.370003,78.959999,75.07,78.199997,80286900.0,77.41
2020-07-31,78.669998,78.959999,75.360001,77.43,71699700.0,77.25
2020-08-03,78.190002,78.5,77.059998,77.669998,42628800.0,77.74333
2020-08-04,78.029999,85.809998,77.989998,85.040001,155676100.0,82.94667
2020-08-05,84.959999,86.32,83.32,85.309998,65737300.0,84.98333
2020-08-06,85.489998,86.980003,84.779999,86.709999,53961700.0,86.15667
2020-08-07,86.669998,87.290001,82.669998,84.849998,66498000.0,84.93667
2020-08-10,85.050003,85.160004,79.32,82.239998,70536100.0,82.24
2020-08-11,80.709999,80.709999,76.099998,76.879997,77877700.0,77.89666
2020-08-12,78.43,82.879997,77.550003,82.610001,88607800.0,81.01333
2020-08-13,82.879997,84.019997,81.540001,81.839996,57407400.0,82.46666
2020-08-14,81.809998,83.239998,80.879997,81.300003,42389500.0,81.80667
2020-08-17,82.089996,83.059998,81.550003,82.419998,31450200.0,82.34333
2020-08-18,82.800003,82.879997,81.029999,81.660004,30970500.0,81.85667
2020-08-19,81.779999,81.849998,80.449997,81.089996,37507400.0,81.13
2020-08-20,79.74,82.84,79.12,82.77,43161391.0,81.57667
2020-08-21,83.290001,84.410004,82.230003,83.809998,48280300.0,83.48334
2020-08-24,84.550003,85.330002,82.550003,83.080002,38036100.0,83.65334
2020-08-25,83.360001,86.620003,82.349998,86.349998,49234400.0,85.10667
2020-08-26,86.970001,87.720001,85.199997,86.019997,47157300.0,86.31333
2020-08-27,86.349998,86.580002,82.940002,83.800003,42194200.0,84.44
2020-08-28,84.300003,86.040001,84.190002,85.550003,40723300.0,85.26
2020-08-31,85.050003,92.639999,85.050003,90.82,90655900.0,89.50333
2020-09-01,91.919998,92.510002,90.190002,92.18,56117100.0,91.62667
2020-09-02,94.010002,94.279999,88.739998,90.220001,50366900.0,91.08
2020-09-03,87.839996,88.470001,81.589996,82.540001,87462700.0,84.2
2020-09-04,81.449997,84.389999,76.330002,82.010002,82267800.0,80.91
2020-09-08,78.050003,81.879997,78.0,78.690002,54955700.0,79.52333
2020-09-09,81.400002,82.440002,79.279999,81.910004,54163900.0,81.21
2020-09-10,83.07,83.309998,78.379997,78.980003,51499400.0,80.22333
2020-09-11,79.82,79.989998,75.040001,76.339996,54763000.0,77.12333
2020-09-14,76.800003,78.82,76.260002,77.900002,47448700.0,77.66
2020-09-15,77.660004,80.330002,75.970001,78.93,57874400.0,78.41
2020-09-16,79.349998,79.720001,76.540001,76.660004,38393500.0,77.64
2020-09-17,74.879997,76.629997,74.199997,76.550003,55619100.0,75.79333
2020-09-18,77.0,77.400002,73.849998,74.93,51082900.0,75.39333
2020-09-21,74.230003,77.980003,73.879997,77.940002,61312000.0,76.6
2020-09-22,78.360001,78.790001,75.269997,77.699997,56044700.0,77.25333
2020-09-23,77.389999,77.910004,74.339996,74.730003,42327500.0,75.66
2020-09-24,74.540001,77.25,73.900002,75.82,57540900.0,75.65667
2020-09-25,76.349998,78.199997,74.669998,78.059998,48206200.0,76.97666
2020-09-28,79.120003,79.57,77.519997,79.480003,48005500.0,78.85667
2020-09-29,79.300003,82.550003,79.300003,81.769997,61568900.0,81.20667
2020-09-30,81.75,82.940002,80.660004,81.989998,51479700.0,81.86333
2020-10-01,83.059998,85.25,82.860001,84.860001,52177100.0,84.32333
2020-10-02,82.580002,84.650002,81.660004,81.800003,52855100.0,82.70334
2020-10-05,82.550003,86.279999,82.550003,86.150002,47056500.0,84.99333
2020-10-06,86.209999,87.25,83.540001,84.480003,52725400.0,85.09
2020-10-07,86.099998,87.790001,85.650002,86.690002,43045700.0,86.71
2020-10-08,88.110001,88.720001,85.949997,86.510002,54240700.0,87.06
2020-10-09,84.739998,85.75,82.349998,83.099998,80354400.0,83.73333
2020-10-12,83.650002,85.129997,83.120003,84.290001,47669700.0,84.18
2020-10-13,84.860001,86.089996,83.970001,85.279999,42764100.0,85.11333
2020-10-14,85.860001,85.959999,83.459999,84.209999,40446700.0,84.54333
2020-10-15,83.400002,84.720001,82.419998,83.129997,33696400.0,83.42333
2020-10-16,83.540001,83.989998,82.410004,83.169998,31474300.0,83.19
2020-10-19,83.620003,84.650002,81.529999,82.0,36689100.0,82.72667
2020-10-20,82.160004,82.690002,80.580002,81.559998,38219400.0,81.61
2020-10-21,81.720001,81.93,79.190002,79.199997,36426400.0,80.10667
2020-10-22,79.650002,80.82,78.419998,79.419998,38006800.0,79.55333
2020-10-23,80.93,81.989998,79.330002,81.959999,46557700.0,81.09333
2020-10-26,82.550003,84.970001,80.860001,82.230003,69423700.0,82.68667
2020-10-27,82.0,82.370003,77.57,78.879997,156669500.0,79.60667
2020-10-28,78.730003,78.959999,75.760002,76.400002,76529900.0,77.04
2020-10-29,76.75,79.18,76.290001,78.019997,52784100.0,77.83
2020-10-30,77.089996,77.699997,74.230003,75.290001,51349000.0,75.74
2020-11-02,75.849998,76.339996,73.760002,74.699997,45760700.0,74.93333
2020-11-03,74.93,77.080002,74.599998,76.580002,41231800.0,76.08667
2020-11-04,80.25,81.849998,78.970001,81.349998,66579700.0,80.72333
2020-11-05,83.269997,83.5,81.849998,83.0,46542300.0,82.78333
2020-11-06,83.519997,86.089996,82.669998,85.879997,53829900.0,84.88
2020-11-09,84.239998,87.050003,82.769997,83.120003,58580700.0,84.31333
2020-11-10,81.93,82.129997,77.629997,77.989998,67137200.0,79.25
2020-11-11,79.389999,81.470001,78.970001,81.279999,44611300.0,80.57333
2020-11-12,81.32,83.0,80.300003,81.839996,37242600.0,81.71333
2020-11-13,82.730003,83.110001,80.699997,81.43,30423200.0,81.74667
2020-11-16,81.209999,83.779999,80.480003,83.730003,38640800.0,82.66334
2020-11-17,83.93,84.809998,82.910004,83.360001,29473500.0,83.69333
2020-11-18,83.010002,83.959999,82.220001,82.540001,29968000.0,82.90667
2020-11-19,82.389999,85.639999,81.720001,85.540001,50116800.0,84.3
2020-11-20,85.279999,86.099998,84.470001,84.639999,34974800.0,85.07
2020-11-23,85.519997,87.540001,84.620003,85.309998,46505000.0,85.82333
2020-11-24,85.720001,86.110001,83.32,85.07,36839200.0,84.83333
2020-11-25,85.760002,87.839996,85.519997,86.709999,41349700.0,86.69
2020-11-27,87.989998,88.0,86.360001,87.190002,22717600.0,87.18333
2020-11-30,87.330002,92.739998,86.529999,92.660004,84483000.0,90.64333
2020-12-01,92.25,93.900002,90.779999,92.629997,58670500.0,92.43667
2020-12-02,92.889999,96.370003,92.529999,93.739998,57988800.0,94.21333
2020-12-03,94.059998,94.699997,92.010002,92.309998,35859700.0,93.00667
2020-12-04,92.580002,94.580002,90.629997,94.040001,45570300.0,93.08333
2020-12-07,94.949997,95.0,92.970001,94.07,39815700.0,94.01333
2020-12-08,94.050003,94.739998,91.900002,92.919998,33907500.0,93.18667
2020-12-09,92.760002,94.699997,89.160004,89.830002,52170400.0,91.23
2020-12-10,89.550003,92.089996,89.029999,91.660004,33804400.0,90.92667
2020-12-11,91.540001,92.330002,90.160004,91.650002,28368100.0,91.38
2020-12-14,92.209999,95.410004,91.849998,94.779999,48026400.0,94.01333
2020-12-15,95.93,97.980003,95.449997,97.120003,57305100.0,96.85
2020-12-16,97.040001,97.269997,95.459999,96.849998,34909000.0,96.52666
2020-12-17,97.550003,97.919998,96.25,96.839996,32023700.0,97.00333
2020-12-18,97.269997,97.68,93.559998,95.919998,51823100.0,95.72
2020-12-21,94.25,95.279999,91.080002,93.230003,47093900.0,93.19667
2020-12-22,93.360001,93.550003,90.529999,93.160004,35673700.0,92.41334
2020-12-23,93.080002,93.129997,91.459999,91.550003,25993300.0,92.04667
2020-12-24,91.800003,92.510002,91.309998,91.809998,16705900.0,91.87667
2020-12-28,92.93,93.139999,90.82,91.599998,30627300.0,91.85333
2020-12-29,91.660004,92.459999,89.43,90.620003,31748200.0,90.83667
2020-12-30,90.779999,92.849998,90.190002,92.290001,25845000.0,91.77667
2020-12-31,92.099998,92.300003,90.870003,91.709999,24920500.0,91.62667
2021-01-04,92.110001,96.059998,90.919998,92.300003,51802600.0,93.09333
2021-01-05,92.099998,93.209999,91.410004,92.769997,34208000.0,92.46333
2021-01-06,91.620003,92.279999,89.459999,90.330002,51911700.0,90.69
2021-01-07,91.330002,95.510002,91.199997,95.160004,42897200.0,93.95667
2021-01-08,95.980003,96.400002,93.269997,94.580002,39816400.0,94.75
2021-01-11,94.029999,99.230003,93.760002,97.25,48669100.0,96.74667
2021-01-12,97.860001,98.970001,94.07,95.360001,67672300.0,96.13333
2021-01-13,93.010002,93.889999,90.839996,91.779999,60712900.0,92.17
2021-01-14,91.769997,92.360001,90.449997,90.790001,53408200.0,91.2
2021-01-15,90.75,91.589996,87.860001,88.209999,49243100.0,89.22
2021-01-19,89.559998,89.580002,87.239998,89.449997,45115100.0,88.75667
2021-01-20,90.550003,90.779999,88.599998,88.75,35185800.0,89.37667
2021-01-21,89.339996,92.07,88.43,91.529999,54596100.0,90.67667
2021-01-22,94.419998,95.949997,91.879997,92.790001,71294700.0,93.54
2021-01-25,94.139999,95.739998,91.400002,94.129997,55086900.0,93.75667
2021-01-26,94.910004,95.720001,93.629997,94.709999,59449100.0,94.68667
2021-01-27,91.099998,91.879997,86.220001,88.839996,73341200.0,88.98
2021-01-28,89.830002,89.879997,87.300003,87.519997,47048400.0,88.23333
2021-01-29,87.559998,88.330002,85.019997,85.639999,56735800.0,86.33
2021-02-01,86.830002,87.949997,84.660004,87.660004,42359300.0,86.75667
2021-02-02,88.489998,89.279999,86.949997,88.860001,33850000.0,88.36333
2021-02-03,88.599998,89.480003,87.339996,87.889999,32312900.0,88.23667
2021-02-04,88.220001,88.599998,87.059998,87.839996,30791600.0,87.83333
2021-02-05,88.150002,88.360001,86.879997,87.900002,30268700.0,87.71333
2021-02-08,88.309998,91.989998,87.980003,91.470001,47639900.0,90.48
2021-02-09,91.389999,93.300003,90.550003,90.910004,37596400.0,91.58667
2021-02-10,91.5,93.269997,90.459999,92.349998,42441300.0,92.02666
2021-02-11,92.900002,93.650002,91.330002,92.660004,35571000.0,92.54667
2021-02-12,92.75,94.220001,91.900002,93.769997,38538400.0,93.29667
2021-02-16,93.900002,94.0,90.75,91.459999,35105900.0,92.07
2021-02-17,90.559998,90.959999,88.57,89.940002,32245500.0,89.82333
2021-02-18,89.089996,89.599998,87.309998,88.639999,35624900.0,88.51667
2021-02-19,89.75,90.419998,88.690002,89.580002,29548300.0,89.56333
2021-02-22,88.150002,88.300003,85.209999,85.370003,36930200.0,86.29334
2021-02-23,83.400002,85.110001,79.360001,84.739998,49720900.0,83.07
2021-02-24,84.330002,87.089996,82.809998,86.940002,40821200.0,85.61333
2021-02-25,86.169998,87.089996,81.919998,82.419998,54625100.0,83.81
2021-02-26,83.57,85.589996,82.910004,84.510002,48962900.0,84.33667
2021-03-01,85.370003,86.5,83.970001,86.389999,32746200.0,85.62
2021-03-02,86.919998,86.949997,84.040001,84.129997,34828200.0,85.04
2021-03-03,84.279999,84.379997,80.849998,80.860001,43541000.0,82.03
2021-03-04,80.230003,81.809998,76.779999,77.75,60549400.0,78.78
2021-03-05,79.0,79.480003,74.199997,78.519997,58548900.0,77.4
2021-03-08,78.029999,79.0,73.860001,73.959999,54563900.0,75.60667
2021-03-09,76.730003,79.220001,75.769997,78.529999,45088300.0,77.84
2021-03-10,79.75,80.040001,77.410004,77.519997,45416600.0,78.32333
2021-03-11,79.400002,81.889999,79.370003,81.230003,43583700.0,80.83
2021-03-12,79.730003,81.190002,79.230003,81.050003,32938000.0,80.49
2021-03-15,81.910004,83.389999,81.199997,82.5,39086800.0,82.36333
2021-03-16,83.660004,84.75,82.260002,82.75,42971600.0,83.25333
2021-03-17,81.75,83.25,80.410004,82.629997,43320600.0,82.09667
2021-03-18,81.059998,81.620003,78.010002,78.120003,51036500.0,79.25
2021-03-19,78.489998,79.339996,77.589996,79.059998,42283400.0,78.66333
2021-03-22,79.989998,81.269997,79.220001,80.300003,39648600.0,80.26333
2021-03-23,80.129997,80.339996,77.949997,78.379997,40466600.0,78.89
2021-03-24,77.550003,78.800003,76.400002,76.480003,43753600.0,77.22667
2021-03-25,75.849998,76.949997,74.959999,76.220001,44735100.0,76.04333
2021-03-26,76.620003,77.5,75.029999,77.410004,49148700.0,76.64667
2021-03-29,77.029999,78.019997,76.260002,77.139999,37144300.0,77.14
2021-03-30,76.470001,76.559998,74.849998,76.0,39169300.0,75.80333
2021-03-31,76.57,79.129997,76.519997,78.5,43659500.0,78.05
2021-04-01,80.160004,81.309998,79.480003,81.089996,40182400.0,80.62667
2021-04-05,81.739998,81.900002,80.389999,81.43,32610600.0,81.24
2021-04-06,81.209999,82.459999,80.879997,81.440002,29327900.0,81.59333
2021-04-07,81.32,83.099998,80.349998,82.199997,35590900.0,81.88333
2021-04-08,83.32,83.790001,82.440002,83.349998,41925300.0,83.19333
2021-04-09,82.800003,83.589996,82.160004,82.760002,32759900.0,82.83667
2021-04-12,82.059998,82.18,78.029999,78.580002,62098800.0,79.59667
2021-04-13,79.669998,80.720001,78.980003,80.190002,37767300.0,79.96334
2021-04-14,79.879997,80.129997,77.940002,78.550003,34263800.0,78.87333
2021-04-15,80.32,83.95,79.97,83.01,69326088.0,82.31
2021-04-16,83.3,83.59,81.53,82.15,47557630.0,82.42333
2021-04-19,82.13,83.18,80.39,81.11,39336397.0,81.56
2021-04-20,80.82,81.11,78.51,79.27,35083205.0,79.63
2021-04-21,78.99,81.66,78.86,81.61,35199333.0,80.71
2021-04-22,81.61,81.79,78.59,79.06,38767752.0,79.81333
2021-04-23,80.21,83.3,79.96,82.76,49360292.0,82.00667
2021-04-26,83.35,85.9,82.7,85.41,57441477.0,84.67
2021-04-27,85.67,87.15,85.13,85.21,59602479.0,85.83
2021-04-28,88.85,89.2,83.92,84.02,109194023.0,85.71333
2021-04-29,84.7,85.27,82.63,83.91,51559389.0,83.93667
2021-04-30,82.97,84.1,81.42,81.62,46548837.0,82.38
2021-05-03,81.97,82.0,78.46,78.55,66357164.0,79.67
2021-05-04,77.95,78.67,77.04,78.61,59778802.0,78.10667
2021-05-05,79.05,79.3,77.36,77.83,42534857.0,78.16333
2021-05-06,77.63,78.06,76.47,77.89,38686128.0,77.47333
2021-05-07,78.75,79.57,78.22,78.81,36948362.0,78.86667
2021-05-10,78.2,78.3,75.92,75.99,45241790.0,76.73667
2021-05-11,73.57,76.93,72.75,76.83,51105700.0,75.50333
2021-05-12,75.09,76.13,74.16,74.64,42611308.0,74.97667
2021-05-13,75.21,75.7,72.5,73.09,48900235.0,73.76333
2021-05-14,74.02,75.03,72.72,74.59,38303554.0,74.11333
2021-05-17,74.22,75.52,73.41,74.65,40640469.0,74.52667
2021-05-18,74.74,75.77,74.24,74.44,32033523.0,74.81667
2021-05-19,73.16,76.97,72.76,76.23,74014803.0,75.32
2021-05-20,76.81,78.27,76.25,78.06,49267415.0,77.52667
2021-05-21,78.55,78.81,77.04,77.17,40474396.0,77.67333
2021-05-24,77.26,78.01,76.8,77.44,33359277.0,77.41667
2021-05-25,77.33,78.77,76.84,77.86,47619746.0,77.82333
2021-05-26,77.83,78.59,77.59,78.34,30371815.0,78.17333
2021-05-27,78.11,78.43,77.47,78.42,35832767.0,78.10667
2021-05-28,78.66,81.09,78.66,80.08,41002406.0,79.94333
2021-06-01,81.01,82.91,80.66,80.81,43474787.0,81.46
2021-06-02,81.0,82.6,80.66,81.97,35167668.0,81.74333
2021-06-03,81.13,81.89,80.26,80.28,29891778.0,80.81
2021-06-04,80.92,82.19,80.81,81.58,26233238.0,81.52667
2021-06-07,81.4,81.68,80.38,81.35,29091115.0,81.13667
2021-06-08,81.87,82.65,80.45,80.89,26920947.0,81.33
2021-06-09,81.09,81.68,79.8,79.96,28342146.0,80.48
2021-06-10,80.02,81.71,79.7,81.56,28652665.0,80.99
2021-06-11,81.61,82.33,80.7,81.31,24305554.0,81.44667
2021-06-14,81.51,81.55,80.2,81.55,27977915.0,81.1
2021-06-15,81.59,81.68,80.23,80.47,26213942.0,80.79333
2021-06-16,80.75,81.45,78.96,80.11,29810403.0,80.17333
2021-06-17,80.77,85.37,80.57,84.56,77949701.0,83.5
2021-06-18,84.28,85.77,83.48,84.65,58869236.0,84.63333
2021-06-21,83.49,84.19,82.21,82.59,44690807.0,82.99667
2021-06-22,82.9,84.04,82.48,83.58,32202323.0,83.36667
2021-06-23,83.83,84.49,83.16,83.82,26027750.0,83.82333
2021-06-24,84.39,87.14,84.37,86.1,42347616.0,85.87
2021-06-25,86.34,86.36,85.1,85.62,27945652.0,85.69333
2021-06-28,86.38,88.0,86.15,87.08,30148475.0,87.07667
2021-06-29,87.41,90.3,86.66,89.52,46436465.0,88.82667
2021-06-30,90.82,94.34,90.6,93.93,71262831.0,92.95667
2021-07-01,94.04,94.18,91.7,93.31,58550946.0,93.06333
2021-07-02,93.28,95.27,92.21,94.7,51375439.0,94.06
2021-07-06,94.88,95.41,93.32,94.47,45317290.0,94.4
2021-07-07,95.02,95.44,90.31,90.54,51932874.0,92.09667
2021-07-08,87.86,90.34,87.45,89.74,45719687.0,89.17667
2021-07-09,90.04,91.26,88.53,90.9,35366221.0,90.23
2021-07-12,91.22,91.9,89.65,90.81,28614609.0,90.78667
2021-07-13,90.48,91.41,89.83,90.26,30524129.0,90.5
2021-07-14,90.76,91.4,88.94,89.05,28146203.0,89.79667
2021-07-15,89.78,89.78,86.18,86.93,38995182.0,87.63
2021-07-16,87.32,88.03,85.68,85.89,35918380.0,86.53333
2021-07-19,84.99,87.23,84.24,86.58,39234512.0,86.01667
2021-07-20,87.09,87.77,85.17,87.11,27469238.0,86.68333
2021-07-21,87.25,89.49,86.9,89.41,29412710.0,88.6
2021-07-22,89.4,91.36,89.08,91.21,33825074.0,90.55
2021-07-23,91.35,92.37,90.19,92.15,31657249.0,91.57
2021-07-26,92.01,92.75,91.12,91.82,26687084.0,91.89667
2021-07-27,92.94,94.1,89.1,91.03,66927157.0,91.41
2021-07-28,93.44,98.71,89.65,97.93,140841603.0,95.43
2021-07-29,96.58,105.74,96.58,102.95,164068809.0,101.75667
2021-07-30,101.6,106.97,101.38,106.19,126107242.0,104.84667
2021-08-02,105.93,110.33,103.83,108.63,116367683.0,107.59667
2021-08-03,108.15,114.85,107.66,112.56,158234616.0,111.69
2021-08-04,114.36,122.49,114.16,118.77,158234616.0,111.69
2021-08-05,116.63,117.68,111.59,112.35,139071262.0,113.87333
2021-08-06,110.55,116.26,109.7,110.11,143951526.0,112.02333
2021-08-09,111.31,112.33,107.06,107.58,116090881.0,108.99
2021-08-10,107.9,109.17,104.36,106.48,113996317.0,106.67
2021-08-11,107.6,109.79,105.62,107.68,92057205.0,107.69667
2021-08-12,107.39,108.44,105.86,106.5,61185097.0,106.93333
2021-08-13,107.17,111.71,106.57,110.55,100290340.0,109.61
2021-08-16,110.2,111.58,105.87,107.48,73422394.0,108.31
2021-08-17,106.64,108.7,105.35,107.56,74429268.0,107.20333
2021-08-18,107.35,108.07,103.27,103.44,79847737.0,104.92667
2021-08-19,103.32,106.18,101.98,103.7,71098968.0,103.95333
2021-08-20,104.32,105.98,103.99,104.65,55541635.0,104.87333
2021-08-23,105.3,109.02,104.86,108.77,69207761.0,107.55
2021-08-24,109.45,109.61,107.28,107.65,51724895.0,108.18
2021-08-25,108.13,109.91,107.45,108.3,45763996.0,108.55333
2021-08-26,108.57,109.23,106.84,107.27,51458448.0,107.78
2021-08-27,108.01,111.78,107.8,111.4,61186232.0,110.32667
2021-08-30,112.61,114.49,111.26,111.32,56376626.0,112.35667
2021-08-31,111.26,111.26,109.03,110.72,49608748.0,110.33667
2021-09-01,111.3,111.85,109.85,109.99,38579247.0,110.56333
2021-09-02,110.32,110.88,108.77,109.2,40429866.0,109.61667
2021-09-03,108.85,111.17,108.5,109.92,42831263.0,109.86333
2021-09-07,109.96,110.58,108.66,109.15,29005904.0,109.46333
2021-09-08,108.88,109.3,105.52,106.17,43283413.0,106.99667
2021-09-09,106.56,107.3,105.84,106.15,31455832.0,106.43
2021-09-10,106.99,106.99,104.98,105.2,32592719.0,105.72333
2021-09-13,105.26,105.28,102.63,104.8,38015210.0,104.23667
2021-09-14,105.52,106.82,104.42,105.73,40630559.0,105.65667
2021-09-15,106.0,106.32,104.03,105.6,38357031.0,105.31667
2021-09-16,104.92,106.75,103.76,106.22,38262226.0,105.57667
2021-09-17,105.56,105.98,103.71,103.88,44801380.0,104.52333
2021-09-20,101.58,102.51,99.51,101.55,45352810.0,101.19
2021-09-21,102.15,103.43,101.18,102.82,35684486.0,102.47667
2021-09-22,102.82,104.56,102.21,104.38,34225333.0,103.71667
2021-09-23,104.89,106.86,103.89,106.15,33057547.0,105.63333
2021-09-24,105.19,106.05,104.68,105.8,26559752.0,105.51
2021-09-27,105.065,108.44,103.44,108.16,51948267.0,106.68
2021-09-28,106.84,107.65,101.42,101.52,75099945.0,103.53
2021-09-29,102.3,102.66,99.81,100.35,52626478.0,100.94
2021-09-30,102.08,104.44,101.99,102.9,57969575.0,103.11
2021-10-01,102.6,103.0,100.64,102.45,41709733.0,102.03
2021-10-04,101.742,101.85,99.82,100.34,41996715.0,100.67
2021-10-05,100.92,102.87,100.61,101.81,31708539.0,101.76333
2021-10-06,100.445,103.72,100.35,103.64,39289113.0,102.57
2021-10-07,104.6,107.95,104.46,106.45,41586103.0,106.28667
2021-10-08,106.55,107.28,104.89,105.06,30726298.0,105.74333
2021-10-11,104.62,107.2,104.022,104.68,31529317.0,105.30067
2021-10-12,105.165,106.04,104.34,105.04,34310950.0,105.14
2021-10-13,106.275,109.88,106.25,109.16,56141877.0,108.43
2021-10-14,110.5,112.22,109.6301,111.99,47117596.0,111.28003
2021-10-15,112.505,112.835,111.11,112.12,34466596.0,112.02167
2021-10-18,111.9,116.88,111.37,116.43,47559773.0,114.89333
2021-10-19,116.16,117.17,114.47,116.33,39800061.0,115.99
2021-10-20,116.29,118.3001,115.421,116.39,34366199.0,116.7037
2021-10-21,116.5,119.68,116.26,119.33,34851216.0,118.42333
2021-10-22,120.825,121.56,118.37,119.82,39296267.0,119.91667
2021-10-25,120.515,123.4599,118.6,122.36,48069939.0,121.4733
2021-10-26,122.99,127.2,122.5782,122.93,59674342.0,124.23607
2021-10-27,121.63,128.08,121.05,122.28,98533040.0,123.80333
2021-10-28,122.855,123.5,120.26,121.16,58192411.0,121.64
2021-10-29,120.95,122.57,119.88,120.23,41648652.0,120.89333
2021-11-01,119.45,125.67,118.1301,125.23,55066890.0,123.01003
2021-11-02,124.98,128.455,124.2,127.63,52702363.0,126.76167
2021-11-03,127.75,130.6,126.7901,130.53,59502214.0,129.3067
2021-11-04,132.01,139.0,130.77,137.5,84796828.0,135.75667
2021-11-05,139.185,141.22,134.42,136.34,64895846.0,137.32667
2021-11-08,137.7,153.6,137.7,150.16,141417459.0,147.15333
2021-11-09,154.01,155.65,143.89,148.92,98400642.0,149.48667
2021-11-10,143.93,146.3,138.52,139.87,82908795.0,141.56333
2021-11-11,142.955,146.47,140.84,146.01,67827757.0,144.44
2021-11-12,146.025,148.59,144.25,147.89,52149298.0,146.91
2021-11-15,148.0,148.98,142.86,146.49,52274068.0,146.11
2021-11-16,145.93,153.08,145.34,152.45,52946378.0,150.29
2021-11-17,151.98,154.6599,149.69,151.34,54527482.0,151.89663
2021-11-18,157.07,158.89,152.56,155.02,60612733.0,155.49
2021-11-19,155.76,156.92,153.445,155.41,41668862.0,155.25833
2021-11-22,157.14,161.8799,152.39,152.52,58659119.0,155.59663
2021-11-23,150.41,152.66,145.2996,149.92,62822041.0,149.2932
2021-11-24,149.46,157.93,147.19,157.8,60648573.0,154.30667
2021-11-26,155.8,158.1,152.81,154.81,36246717.0,155.24
2021-11-29,157.5,162.505,156.1,161.91,57313003.0,160.17167
2021-11-30,163.28,164.4599,155.6801,158.37,75163958.0,159.50333
2021-12-01,160.37,160.88,148.92,149.11,64178260.0,152.97
2021-12-02,147.675,152.53,146.47,150.68,56006844.0,149.89333
2021-12-03,151.645,152.38,140.72,144.01,65902583.0,145.70333
2021-12-06,141.135,141.31,134.2,139.06,66761610.0,138.19
2021-12-07,143.9,145.76,141.0001,144.85,53026110.0,143.87003
2021-12-08,144.96,147.04,142.7,145.24,40975618.0,144.99333
2021-12-09,145.16,146.69,137.8,138.1,53020787.0,140.86333
2021-12-10,141.29,141.365,135.82,138.55,42226690.0,138.57833
2021-12-13,138.25,139.4,133.415,133.8,42174423.0,135.53833
2021-12-14,131.67,137.24,130.6,135.6,50756072.0,134.48
2021-12-15,135.11,146.69,133.81,146.5,72416638.0,142.33333
2021-12-16,147.0,147.93,137.02,138.64,63370713.0,141.19667
2021-12-17,136.3,142.04,136.11,137.75,55465705.0,138.63333
2021-12-20,135.97,138.26,133.52,135.8,38190481.0,135.86
2021-12-21,138.185,144.5,135.15,144.25,57785791.0,141.3
2021-12-22,142.65,144.5,140.27,143.88,46569440.0,142.88333
2021-12-23,143.89,149.018,143.85,146.14,48653971.0,146.336
2021-12-27,147.51,154.89,147.25,154.36,53298028.0,152.16667
2021-12-28,155.88,156.73,151.38,153.15,58700056.0,153.75333
2021-12-29,152.82,154.3399,147.29,148.26,51025471.0,149.9633
2021-12-30,147.44,148.85,144.85,145.15,44359437.0,146.28333
2021-12-31,146.16,148.61,143.55,143.9,49450072.0,145.35333
2022-01-03,145.135,151.65,145.02,150.24,59477789.0,148.97
2022-01-04,151.01,152.42,140.7,144.42,80207511.0,145.84667
2022-01-05,142.815,143.76,135.29,136.15,65407538.0,138.4
2022-01-06,136.19,138.0,131.77,136.23,64588468.0,135.33333
2022-01-07,136.28,137.44,131.13,132.0,58010485.0,133.52333
2022-01-10,129.08,132.42,125.03,132.0,83750347.0,129.81667
2022-01-11,133.45,138.99,131.59,137.31,77155842.0,135.96333
2022-01-12,138.585,140.57,135.77,137.47,69670095.0,137.93667
2022-01-13,139.44,141.25,131.81,132.74,76461234.0,135.26667
2022-01-14,131.68,137.0,131.43,136.88,70446902.0,135.10333
2022-01-18,134.5,136.3893,131.59,131.93,56590374.0,133.3031
2022-01-19,133.55,134.57,128.02,128.27,69430427.0,130.28667
2022-01-20,126.04,128.51,121.41,121.89,91161244.0,123.93667
2022-01-21,120.14,125.02,118.39,118.81,95686905.0,120.74
2022-01-24,115.4,116.77,107.5,116.53,116305981.0,113.6
2022-01-25,114.1,114.82,109.86,111.13,83601512.0,111.93667
2022-01-26,114.55,117.16,108.63,110.71,94343953.0,112.16667
2022-01-27,111.96,112.75,101.94,102.6,125438891.0,105.76333
2022-01-28,101.55,105.4,99.35,105.24,98081428.0,103.33
2022-01-31,107.93,114.31,106.9,114.25,97211100.0,111.82
2022-02-01,116.75,117.26,112.73,116.78,122479926.0,115.59
2022-02-02,129.89,130.06,120.64,122.76,180070066.0,124.48667
2022-02-03,120.32,125.37,118.816,120.08,101923676.0,121.422
2022-02-04,120.34,124.96,118.58,123.6,85990482.0,122.38
2022-02-07,123.56,127.63,122.785,123.67,81680023.0,124.695
2022-02-08,122.38,128.705,122.05,128.23,84418907.0,126.32833
2022-02-09,129.6,132.96,127.65,132.85,92948911.0,131.15333
2022-02-10,128.84,131.7589,124.61,125.77,108942191.0,127.37963
2022-02-11,126.14,127.1699,111.81,113.18,164737585.0,117.38663
2022-02-14,115.51,118.37,113.46,114.27,135150320.0,115.36667
2022-02-15,117.19,121.88,114.36,121.47,144152923.0,119.23667
2022-02-16,119.05,119.54,114.22,117.69,119117961.0,117.15
2022-02-17,116.26,116.98,112.26,112.37,98187028.0,113.87
2022-02-18,113.9,115.635,109.89,113.83,113458339.0,113.11833
2022-02-22,115.27,119.2,113.61,115.65,141077746.0,116.15333
2022-02-23,117.4,118.65,109.04,109.76,117282471.0,112.48333
2022-02-24,104.56,116.96,104.26,116.61,141585705.0,112.61
2022-02-25,117.16,121.23,116.0421,121.06,127832233.0,119.44403
2022-02-28,120.31,124.61,119.2,123.34,124666265.0,122.38333
2022-03-01,122.33,122.43,112.8,113.83,126487900.0,116.35333
2022-03-02,115.47,119.48,113.31,118.28,118332380.0,117.02333
2022-03-03,118.13,118.26,111.05,111.98,123924669.0,113.76333
2022-03-04,112.0,113.0,106.81,108.41,100518172.0,109.40667
2022-03-07,108.53,109.53,102.82,102.95,92540806.0,105.1
2022-03-08,102.81,109.9,100.08,105.53,135327124.0,105.17
2022-03-09,108.41,111.71,106.85,111.05,102264193.0,109.87
2022-03-10,108.89,109.07,103.07,106.46,102525006.0,106.2
2022-03-11,108.13,108.19,104.08,104.29,87572571.0,105.52
2022-03-14,102.99,105.2397,101.04,102.25,89717351.0,102.84323
2022-03-15,102.66,109.69,101.79,109.33,112403225.0,106.93667
2022-03-16,111.6,115.42,109.89,115.37,113657676.0,113.56
2022-03-17,112.14,114.27,109.71,111.69,102713827.0,111.89
2022-03-18,111.28,114.93,110.55,113.46,105544430.0,112.98
2022-03-21,113.73,117.57,112.54,115.92,101879340.0,115.34333
2022-03-22,115.43,117.95,113.81,114.78,101346493.0,115.51333
2022-03-23,114.29,117.55,112.21,113.92,90565220.0,114.56
2022-03-24,114.96,120.55,113.71,120.53,121577519.0,118.26333
2022-03-25,119.915,121.4,117.2533,119.67,95836251.0,119.4411
2022-03-28,117.7,120.41,116.71,120.24,92946820.0,119.12
2022-03-29,122.28,123.71,119.59,123.23,93799521.0,122.17667
2022-03-30,123.04,125.67,118.59,119.22,99451722.0,121.16
2022-03-31,116.31,116.38,109.02,109.34,146980178.0,111.58
2022-04-01,110.48,111.42,106.102,108.19,111857432.0,108.57067
2022-04-04,109.97,110.9391,107.03,110.53,89979070.0,109.4997
2022-04-05,109.685,110.48,106.05,106.82,79502759.0,107.78333
2022-04-06,104.45,105.744,101.7106,103.67,105216598.0,103.7082
2022-04-07,103.92,105.24,100.91,103.72,91864744.0,103.29
2022-04-08,102.51,102.99,100.4205,101.0,92730748.0,101.47017
2022-04-11,98.6,98.67,95.94,97.37,95530108.0,97.32667
2022-04-12,98.78,99.59,94.6,95.1,88926830.0,96.43
2022-04-13,95.3,98.33,94.71,97.74,77550226.0,96.92667
2022-04-14,98.37,98.39,92.92,93.06,73055186.0,94.79
2022-04-18,92.03,95.16,91.64,93.89,80564047.0,93.56333
2022-04-19,93.385,97.07,92.84,96.93,77071868.0,95.61333
2022-04-20,97.84,97.91,93.2,94.02,62491938.0,95.04333
2022-04-21,95.16,96.23,89.24,89.85,76458100.0,91.77333
2022-04-22,90.03,91.46,87.935,88.14,74009453.0,89.17833
2022-04-25,89.86,91.37,88.61,90.69,93176538.0,90.22333
2022-04-26,89.74,90.12,85.08,85.16,89050324.0,86.78667
2022-04-27,84.25,87.9,84.02,84.91,83088638.0,85.61
2022-04-28,86.67,90.58,84.78,89.64,89849576.0,88.33333
2022-04-29,88.05,91.79,85.38,85.52,82622580.0,87.56333
2022-05-02,85.655,90.37,85.3201,89.84,97456870.0,88.51003
2022-05-03,89.85,92.21,89.01,91.13,119243939.0,90.78333
2022-05-04,98.18,99.69,91.7,99.42,225337913.0,96.93667
2022-05-05,97.65,97.84,92.17,93.87,153106893.0,94.62667
2022-05-06,94.34,98.18,92.65,95.34,144256121.0,95.39
2022-05-09,92.865,93.74,85.38,86.36,144463067.0,88.49333
2022-05-10,89.18,90.7721,85.41,88.73,137206213.0,88.30403
2022-05-11,87.84,93.46,86.53,87.92,136103360.0,89.30333
2022-05-12,86.6,88.55,83.27,87.06,129129102.0,86.29333
2022-05-13,88.3,96.57,88.22,95.12,137832209.0,93.30333
2022-05-16,93.86,98.169,93.0801,94.24,131037062.0,95.16303
2022-05-17,97.88,103.2,97.54,102.47,164192482.0,101.07
2022-05-18,100.0,104.22,95.71,96.28,142544074.0,98.73667
2022-05-19,96.69,100.69,95.09,96.67,141469676.0,97.48333
2022-05-20,98.385,98.64,88.26,93.5,163811745.0,93.46667
2022-05-23,91.66,95.19,90.92,95.07,128717136.0,93.72667
2022-05-24,92.54,93.42,89.62,91.16,123260536.0,91.4
2022-05-25,90.425,93.89,89.52,92.65,109891886.0,92.02
2022-05-26,91.34,100.33,90.74,98.75,128801553.0,96.60667
2022-05-27,100.14,102.4,99.38,102.26,104016894.0,101.34667
2022-05-31,102.43,104.55,100.04,101.86,125107089.0,102.15
2022-06-01,102.13,103.57,99.55,101.22,99330284.0,101.44667
2022-06-02,100.78,109.5,100.78,108.59,120936490.0,106.29
2022-06-03,105.8,109.39,104.65,106.3,108215108.0,106.78
2022-06-06,108.27,109.57,104.225,105.65,96555037.0,106.48167
2022-06-07,104.24,106.24,102.61,105.28,79013742.0,104.71
2022-06-08,104.57,105.848,100.41,101.9,97598508.0,102.71933
2022-06-09,101.57,103.94,98.74,98.8,94752635.0,100.49333
2022-06-10,98.82,99.928,94.25,94.82,102189522.0,96.33267
2022-06-13,91.26,92.03,86.64,86.99,98119720.0,88.55333
2022-06-14,87.41,88.3,85.8201,86.99,84035167.0,87.0367
2022-06-15,87.9,90.86,86.19,89.3,95725428.0,88.78333
2022-06-16,86.63,86.73,80.64,82.05,102388621.0,83.14
2022-06-17,82.19,82.94,79.43,81.57,105190951.0,81.31333
2022-06-21,84.17,85.81,82.6,83.79,87747670.0,84.06667
2022-06-22,84.4,86.375,83.3001,83.75,86602341.0,84.47503
2022-06-23,84.315,84.41,80.2251,82.43,100560836.0,82.35503
2022-06-24,83.56,87.53,83.0801,87.08,88528736.0,85.8967
2022-06-27,87.355,88.22,85.25,86.16,74212992.0,86.54333
2022-06-28,85.71,86.73,80.43,80.78,95705537.0,82.64667
2022-06-29,79.55,79.75,76.51,77.99,104089438.0,78.08333
2022-06-30,77.73,78.91,75.48,76.47,104809978.0,76.95333
2022-07-01,75.185,75.45,72.69,73.67,87702264.0,73.93667
2022-07-05,71.98,75.21,71.6,75.2,95638867.0,74.00333
2022-07-06,75.17,76.28,73.55,75.35,85443631.0,75.06
2022-07-07,77.17,79.99,76.9,79.3,83611162.0,78.73
2022-07-08,78.31,80.47,77.4,79.35,83392242.0,79.07333
2022-07-11,77.845,78.29,75.8417,76.95,76207324.0,77.02723
2022-07-12,76.98,77.44,74.43,76.36,77860477.0,76.07667
2022-07-13,74.94,79.11,74.48,77.52,79302654.0,77.03667
2022-07-14,78.23,79.25,76.0,78.6,83461217.0,77.95
2022-07-15,79.36,81.2,77.9,81.11,75421669.0,80.07
2022-07-18,82.21,84.47,80.94,81.43,90444614.0,82.28
2022-07-19,82.76,86.41,82.19,85.88,84976064.0,84.82667
2022-07-20,85.39,89.9198,85.08,89.43,88344532.0,88.14327
2022-07-21,89.6,91.58,88.22,91.09,90440041.0,90.29667
2022-07-22,90.2,90.69,87.04,88.1,76981615.0,88.61
2022-07-25,86.57,87.6,85.12,87.54,69882469.0,86.75333
2022-07-26,87.0,87.749,84.71,85.25,68652026.0,85.903
2022-07-27,86.94,90.62,86.29,89.82,78288522.0,88.91
2022-07-28,90.415,92.22,88.5909,91.67,78987362.0,90.82697
2022-07-29,90.7,94.81,90.56,94.47,76630707.0,93.28
2022-08-01,95.59,98.39,93.96,96.78,95864332.0,96.37667
2022-08-02,95.71,100.915,95.36,99.29,112320471.0,98.52167
2022-08-03,94.83,98.7693,93.62,98.09,130900462.0,96.82643
2022-08-04,97.5,104.59,97.26,103.91,125048788.0,101.92
2022-08-05,101.05,103.86,100.98,102.31,93862662.0,102.38333
2022-08-08,100.06,101.8,97.99,100.07,92456163.0,99.95333
2022-08-09,97.95,98.0461,93.67,95.54,89348274.0,95.75203
2022-08-10,98.45,99.35,95.61,99.05,83414880.0,98.00333
2022-08-11,99.93,102.37,98.0,98.12,77416805.0,99.49667
2022-08-12,99.2,101.4,98.48,100.83,72217880.0,100.23667
2022-08-15,100.505,101.85,99.8002,101.01,61322133.0,100.88673
2022-08-16,100.84,101.45,98.3201,100.2,60213509.0,99.99003
2022-08-17,99.26,99.64,96.725,98.27,63732074.0,98.21167
2022-08-18,97.74,101.07,96.7342,100.44,76056573.0,99.41473
2022-08-19,98.67,99.245,94.59,95.95,67227587.0,96.595
2022-08-22,94.4,95.02,92.36,92.84,61841234.0,93.40667
2022-08-23,92.39,94.44,92.11,92.49,52581677.0,93.01333
2022-08-24,92.21,93.38,90.9,92.73,55521113.0,92.33667
2022-08-25,93.14,97.57,93.14,97.18,61018764.0,95.96333
2022-08-26,96.29,97.5999,91.12,91.18,65120829.0,93.29997
2022-08-29,90.05,91.19,88.26,88.49,61126428.0,89.31333
2022-08-30,90.055,90.15,85.34,86.94,69076242.0,87.47667
2022-08-31,86.28,86.72,83.72,84.87,64941923.0,85.10333
2022-09-01,82.345,82.755,78.52,82.33,94544148.0,81.20167
2022-09-02,83.315,83.65,79.805,80.24,84680913.0,81.23167
2022-09-06,80.41,80.89,78.3724,78.72,68594263.0,79.32747
2022-09-07,79.24,80.25,77.74,79.61,67884290.0,79.2
2022-09-08,80.03,83.45,79.24,82.78,88814036.0,81.82333
2022-09-09,84.03,85.68,83.84,85.45,68837789.0,84.99
2022-09-12,84.89,85.3488,83.46,84.64,71907124.0,84.48293
2022-09-13,80.955,81.47,76.8,77.03,80884616.0,78.43333
2022-09-14,77.1,78.08,75.87,77.45,71456369.0,77.13333
2022-09-15,76.64,77.97,74.905,76.66,81800488.0,76.51167
2022-09-16,75.62,76.82,74.68,76.51,75138853.0,76.00333
2022-09-19,75.39,77.34,75.35,76.77,64951777.0,76.48667
2022-09-20,76.08,76.58,74.7312,75.25,51035769.0,75.5204
2022-09-21,75.435,78.41,74.45,74.48,82037876.0,75.78
2022-09-22,73.89,74.29,69.17,69.5,101405425.0,70.98667
2022-09-23,68.0,69.0801,66.8216,67.96,87653233.0,67.9539
2022-09-26,67.87,68.74,66.25,66.3,81596933.0,67.09667
2022-09-27,67.9,68.78,66.0,67.17,94852032.0,67.31667
2022-09-28,67.11,68.7979,66.56,68.36,72374412.0,67.90597
2022-09-29,67.15,67.2,62.8301,64.14,100821467.0,64.72337
2022-09-30,63.615,65.91,63.34,63.36,81657717.0,64.20333
